<!DOCTYPE log4j:configuration SYSTEM "log4j.dtd">
<log4j:configuration debug="true" xmlns:log4j='http://jakarta.apache.org/log4j/'>
  <appender name="console" 
  	class="org.apache.log4j.ConsoleAppender">
  	<layout class="org.apache.log4j.PatternLayout">
    	<param name="ConversionPattern"
    	value="%d{yyyy-MM-dd HH:mm:ss} %-5p %c{1}:%L - %m%n" />
    </layout>
  </appender>
  <appender name="all" class="org.apache.log4j.RollingFileAppender">
    <param name="file" value="logs/client.log"/>
    <layout class="org.apache.log4j.PatternLayout">
    	<param name="ConversionPattern"
    	value="%d{yyyy-MM-dd HH:mm:ss} %-5p %c{1}:%L - %m%n" />
    </layout>
  </appender>
  <root>
    <level value="INFO" />
    <appender-ref ref="console" />
    <appender-ref ref="all" />
  </root>
</log4j:configuration>